EventID,PlayerID,Place,Score
65206,45971,1,-31
65206,121715,2,-29
65206,41760,2,-29
65206,85132,4,-28
65206,48346,4,-28
65206,27523,6,-27
65206,65266,7,-26
65206,48950,8,-25
65206,44512,8,-25
65206,18330,8,-25
65206,47472,8,-25
65206,44382,8,-25
65206,37817,13,-24
65206,34250,14,-23
65206,73695,14,-23
65206,13864,14,-23
65206,38464,17,-22
65206,84958,17,-22
65206,11534,17,-22
65206,17295,20,-21
65206,35449,20,-21
65206,43762,20,-21
65206,15857,23,-20
65206,75590,23,-20
65206,72844,25,-19
65206,60436,25,-19
65206,69509,27,-18
65206,59419,27,-18
65206,69424,27,-18
65206,96512,30,-17
65206,67172,30,-17
65206,97115,30,-17
65206,39015,30,-17
65206,75412,30,-17
65206,128378,30,-17
65206,49865,30,-17
65206,57365,30,-17
65206,63765,30,-17
65206,98161,39,-16
65206,74719,39,-16
65206,89959,39,-16
65206,35876,39,-16
65206,18824,43,-15
65206,98091,43,-15
65206,39491,43,-15
65206,79748,46,-14
65206,99053,47,-13
65206,8332,47,-13
65206,31644,49,-12
65206,140954,50,-11
65206,54049,50,-11
65206,58320,50,-11
65206,68835,50,-11
65206,34344,54,-10
65206,68103,54,-10
65206,49431,56,-9
65206,61770,56,-9
65206,53332,56,-9
65206,59635,56,-9
65206,99648,56,-9
65206,23844,61,-8
65206,76669,61,-8
65206,139228,61,-8
65206,88212,61,-8
65206,81739,65,-7
65206,27171,65,-7
65206,49519,65,-7
65206,25541,65,-7
65206,72409,69,-6
65206,46480,69,-6
65206,60044,69,-6
65206,50401,69,-6
65206,103050,69,-6
65206,56555,74,-5
65206,53565,74,-5
65206,94907,74,-5
65206,85850,77,-4
65206,83906,77,-4
65206,32091,77,-4
65206,47689,77,-4
65206,129061,81,-3
65206,165807,82,-2
65206,43834,82,-2
65206,136325,82,-2
65206,50670,82,-2
65206,56511,86,-1
65206,38631,86,-1
65206,101197,88,E
65206,40274,88,E
65206,128836,88,E
65206,94844,88,E
65206,76153,92,+1
65206,50312,92,+1
65206,78268,92,+1
65206,71872,95,+2
65206,138355,96,+3
65206,55049,96,+3
65206,97422,96,+3
65206,28091,96,+3
65206,144536,96,+3
65206,45463,96,+3
65206,51685,102,+4
65206,129701,103,+5
65206,58814,103,+5
65206,99089,105,+7
65206,92805,105,+7
65206,119084,107,+8
65206,118604,107,+8
65206,55776,109,+9
65206,110290,109,+9
65206,108289,111,+11
65206,99153,112,+12
65206,62910,113,+16
65206,116860,113,+16
65206,199745,115,+21
65206,72478,116,+23
65206,71392,117,+24
65206,80331,118,DNF
65206,33705,118,DNF
66457,85132,1,-31
66457,57365,2,-29
66457,79748,3,-28
66457,45971,3,-28
66457,41760,5,-27
66457,17295,6,-26
66457,24341,7,-25
66457,18330,7,-25
66457,18824,9,-24
66457,69509,10,-23
66457,31644,10,-23
66457,34250,10,-23
66457,75590,13,-22
66457,34344,13,-22
66457,27523,13,-22
66457,72844,16,-21
66457,38631,16,-21
66457,11534,16,-21
66457,39491,16,-21
66457,50401,20,-20
66457,69424,20,-20
66457,62467,22,-19
66457,53332,22,-19
66457,79047,24,-18
66457,50671,24,-18
66457,98722,24,-18
66457,75412,24,-18
66457,38464,28,-17
66457,98161,28,-17
66457,128378,28,-17
66457,29264,28,-17
66457,101390,32,-16
66457,98091,32,-16
66457,65266,32,-16
66457,37817,35,-15
66457,100497,35,-15
66457,89394,35,-15
66457,48950,35,-15
66457,53565,35,-15
66457,68103,35,-15
66457,39015,35,-15
66457,33705,35,-15
66457,49885,35,-15
66457,63765,35,-15
66457,50670,45,-14
66457,59635,45,-14
66457,78817,45,-14
66457,58320,45,-14
66457,91397,45,-14
66457,76669,45,-14
66457,35449,45,-14
66457,124138,52,-13
66457,47472,52,-13
66457,78268,52,-13
66457,101197,55,-12
66457,68285,56,-11
66457,96512,56,-11
66457,139228,56,-11
66457,59419,56,-11
66457,129963,56,-11
66457,148785,56,-11
66457,56555,62,-9
66457,140954,62,-9
66457,80331,62,-9
66457,94844,62,-9
66457,101319,62,-9
66457,99053,62,-9
66457,28550,68,-8
66457,33551,68,-8
66457,50312,68,-8
66457,13864,68,-8
66457,121715,72,-7
66457,60436,72,-7
66457,43762,72,-7
66457,88212,72,-7
66457,37146,72,-7
66457,97115,72,-7
66457,90461,72,-7
66457,93475,72,-7
66457,67172,80,-6
66457,92805,80,-6
66457,79753,80,-6
66457,99648,80,-6
66457,144530,80,-6
66457,25541,80,-6
66457,23844,86,-5
66457,129061,87,-4
66457,15857,87,-4
66457,43081,87,-4
66457,51685,87,-4
66457,91925,87,-4
66457,68835,87,-4
66457,85850,87,-4
66457,70741,94,-3
66457,119504,94,-3
66457,88279,94,-3
66457,88370,97,-2
66457,20300,97,-2
66457,81739,97,-2
66457,63364,97,-2
66457,61770,97,-2
66457,73695,102,-1
66457,65737,103,+1
66457,44512,103,+1
66457,48338,105,+2
66457,92779,105,+2
66457,54049,105,+2
66457,72429,108,+3
66457,27171,108,+3
66457,44458,110,+4
66457,27812,110,+4
66457,153445,112,+7
66457,144536,112,+7
66457,49431,114,+11
66457,99153,115,+13
66457,14055,116,+14
65288,75412,1,-22
65288,8332,2,-20
65288,34250,3,-19
65288,45971,3,-19
65288,54049,5,-18
65288,72844,6,-17
65288,121715,6,-17
65288,37817,6,-17
65288,59635,6,-17
65288,85132,10,-16
65288,44512,10,-16
65288,58926,10,-16
65288,27523,10,-16
65288,79753,14,-15
65288,79748,14,-15
65288,41760,16,-14
65288,76669,16,-14
65288,99053,16,-14
65288,24341,19,-13
65288,69509,19,-13
65288,11534,19,-13
65288,38464,19,-13
65288,62467,19,-13
65288,57365,19,-13
65288,85850,25,-12
65288,18824,25,-12
65288,50670,25,-12
65288,48950,25,-12
65288,35449,25,-12
65288,50671,30,-11
65288,91249,30,-11
65288,60436,30,-11
65288,33705,30,-11
65288,75590,34,-10
65288,81739,34,-10
65288,100497,34,-10
65288,58320,34,-10
65288,98091,34,-10
65288,53565,39,-9
65288,99648,39,-9
65288,18330,41,-8
65288,39491,41,-8
65288,79047,41,-8
65288,13864,41,-8
65288,53332,41,-8
65288,63765,41,-8
65288,91925,47,-7
65288,128378,47,-7
65288,27812,47,-7
65288,140954,47,-7
65288,80331,51,-6
65288,44382,51,-6
65288,89394,53,-5
65288,144536,53,-5
65288,101197,53,-5
65288,60259,56,-4
65288,27171,56,-4
65288,59419,56,-4
65288,98722,59,-3
65288,88279,59,-3
65288,50401,59,-3
65288,101319,59,-3
65288,17295,59,-3
65288,15857,64,-2
65288,39015,64,-2
65288,96512,64,-2
65288,88212,64,-2
65288,34344,64,-2
65288,129963,69,-1
65288,50312,69,-1
65288,65715,69,-1
65288,77181,72,E
65288,97115,72,E
65288,49431,74,+1
65288,61770,74,+1
65288,70741,74,+1
65288,129061,74,+1
65288,40274,74,+1
65288,20300,79,+2
65288,92779,80,+3
65288,25325,80,+3
65288,56555,80,+3
65288,71050,80,+3
65288,115742,80,+3
65288,114877,85,+4
65288,48338,85,+4
65288,65266,85,+4
65288,73695,88,+5
65288,68835,88,+5
65288,72429,88,+5
65288,68285,88,+5
65288,33551,92,+6
65288,43762,92,+6
65288,47472,92,+6
65288,43081,92,+6
65288,67172,92,+6
65288,49885,97,+7
65288,90461,98,+8
65288,99153,98,+8
65288,78268,98,+8
65288,153363,101,+9
65288,91397,101,+9
65288,3351,101,+9
65288,92805,104,+10
65288,148785,104,+10
65288,23844,104,+10
65288,98161,107,+12
65288,65220,108,+13
65288,121920,109,+15
65288,51685,110,+16
65288,88077,111,+22
65288,33117,112,+28
65288,38008,113,DNF
65288,69424,113,DNF
65288,31644,115,DNF
65288,25541,116,DNF
65208,8332,1,-23
65208,44382,2,-22
65208,45971,3,-21
65208,75412,3,-21
65208,62467,3,-21
65208,34250,6,-20
65208,54049,7,-19
65208,38008,8,-18
65208,69509,9,-17
65208,50670,9,-17
65208,79748,11,-16
65208,91925,11,-16
65208,101574,11,-16
65208,57365,11,-16
65208,121715,11,-16
65208,102119,16,-15
65208,35449,17,-14
65208,63765,18,-13
65208,69424,18,-13
65208,37817,18,-13
65208,59635,18,-13
65208,53565,18,-13
65208,44512,23,-12
65208,96512,23,-12
65208,65715,25,-11
65208,31644,25,-11
65208,99246,25,-11
65208,27523,25,-11
65208,98091,25,-11
65208,18330,30,-10
65208,26860,30,-10
65208,50401,30,-10
65208,16058,30,-10
65208,33705,34,-9
65208,72844,34,-9
65208,13864,34,-9
65208,144536,34,-9
65208,11534,34,-9
65208,85132,34,-9
65208,35876,40,-8
65208,65266,40,-8
65208,68835,40,-8
65208,60259,40,-8
65208,23844,44,-7
65208,76669,44,-7
65208,49885,46,-6
65208,89394,46,-6
65208,38464,46,-6
65208,78519,46,-6
65208,75590,46,-6
65208,47136,46,-6
65208,129061,46,-6
65208,58926,53,-5
65208,85850,54,-4
65208,79753,54,-4
65208,123319,56,-3
65208,43762,56,-3
65208,139228,56,-3
65208,99053,59,-2
65208,50312,59,-2
65208,50671,59,-2
65208,15857,62,-1
65208,41760,62,-1
65208,124138,62,-1
65208,48338,62,-1
65208,88212,62,-1
65208,58320,62,-1
65208,98722,62,-1
65208,27812,62,-1
65208,91397,62,-1
65208,51685,62,-1
65208,33838,72,E
65208,60436,72,E
65208,128378,72,E
65208,103050,72,E
65208,40274,72,E
65208,94844,72,E
65208,53332,78,+1
65208,67172,78,+1
65208,99648,78,+1
65208,31536,81,+2
65208,68103,81,+2
65208,100497,81,+2
65208,17295,81,+2
65208,99153,81,+2
65208,96063,81,+2
65208,153363,87,+3
65208,80331,87,+3
65208,56555,89,+4
65208,60435,89,+4
65208,59419,91,+5
65208,97115,91,+5
65208,68286,91,+5
65208,33551,91,+5
65208,98161,95,+7
65208,87673,95,+7
65208,102965,95,+7
65208,72429,98,+8
65208,31818,98,+8
65208,39491,98,+8
65208,61770,98,+8
65208,76153,98,+8
65208,140954,103,+9
65208,128231,104,+12
65208,78268,104,+12
65208,127483,104,+12
65208,100981,107,+13
65208,40883,108,+14
65208,99462,109,+28
65208,101578,109,+28
65208,39015,111,DNF
65208,47472,111,DNF
65208,37146,113,DNF
65208,27171,113,DNF
65208,28550,115,DNF
65208,91249,115,DNF
64955,50670,1,-40
64955,37817,2,-35
64955,91249,2,-35
64955,79047,4,-34
64955,18330,5,-30
64955,72844,5,-30
64955,99246,7,-28
64955,50401,7,-28
64955,75412,7,-28
64955,59635,7,-28
64955,62467,11,-27
64955,17295,11,-27
64955,58926,13,-26
64955,8332,13,-26
64955,44382,13,-26
64955,97115,16,-25
64955,45971,16,-25
64955,54049,18,-24
64955,85132,18,-24
64955,96512,20,-23
64955,132521,20,-23
64955,27523,20,-23
64955,34344,20,-23
64955,101574,24,-22
64955,69509,24,-22
64955,113179,24,-22
64955,98091,27,-21
64955,33705,28,-20
64955,39015,28,-20
64955,50671,28,-20
64955,78817,31,-19
64955,122356,32,-18
64955,99053,32,-18
64955,53565,32,-18
64955,124138,32,-18
64955,34250,36,-17
64955,20300,36,-17
64955,93475,36,-17
64955,11534,39,-16
64955,58320,39,-16
64955,91397,39,-16
64955,57365,39,-16
64955,25541,39,-16
64955,100497,39,-16
64955,79753,45,-14
64955,68285,45,-14
64955,76669,45,-14
64955,69424,45,-14
64955,98722,45,-14
64955,31644,50,-13
64955,89394,50,-13
64955,73695,50,-13
64955,81739,53,-12
64955,44512,53,-12
64955,65715,53,-12
64955,63765,53,-12
64955,88212,57,-11
64955,48346,57,-11
64955,35449,57,-11
64955,85850,57,-11
64955,80331,57,-11
64955,91925,62,-10
64955,51685,63,-9
64955,15857,63,-9
64955,79748,63,-9
64955,53332,63,-9
64955,35876,63,-9
64955,39491,68,-7
64955,60436,68,-7
64955,38464,68,-7
64955,101197,71,-6
64955,49885,71,-6
64955,87673,71,-6
64955,96063,71,-6
64955,27171,71,-6
64955,60435,71,-6
64955,47472,71,-6
64955,32599,71,-6
64955,145831,79,-5
64955,68286,79,-5
64955,61770,79,-5
64955,84958,79,-5
64955,128378,83,-4
64955,59419,83,-4
64955,140954,85,-3
64955,100708,85,-3
64955,65737,87,-2
64955,26045,88,-1
64955,28550,88,-1
64955,58751,90,+1
64955,125969,91,+2
64955,70741,92,+4
64955,95050,92,+4
64955,43762,92,+4
64955,99153,95,+5
64955,78268,95,+5
64955,144536,95,+5
64955,78697,95,+5
64955,99648,99,+6
64955,46394,100,+7
64955,128231,101,+9
64955,103050,102,+13
64955,48338,102,+13
64955,101578,104,+15
64955,12626,105,DNF
64955,48950,105,DNF
64955,139228,107,DNF
64955,17946,108,DNF
66458,45971,1,-31
66458,39015,2,-28
66458,50670,2,-28
66458,37817,2,-28
66458,63765,5,-26
66458,31644,5,-26
66458,85132,5,-26
66458,44512,5,-26
66458,17295,5,-26
66458,75412,10,-25
66458,96512,11,-24
66458,34250,11,-24
66458,121715,13,-23
66458,79047,13,-23
66458,27523,15,-22
66458,23844,15,-22
66458,59635,15,-22
66458,44382,15,-22
66458,50671,15,-22
66458,91249,15,-22
66458,62467,15,-22
66458,98091,15,-22
66458,79748,23,-21
66458,8332,23,-21
66458,35449,23,-21
66458,48346,23,-21
66458,85850,27,-20
66458,50401,27,-20
66458,79753,27,-20
66458,33705,30,-19
66458,47472,30,-19
66458,89394,32,-18
66458,13864,32,-18
66458,49885,34,-17
66458,69509,34,-17
66458,60435,34,-17
66458,76669,34,-17
66458,65715,38,-16
66458,27812,38,-16
66458,50312,38,-16
66458,75590,38,-16
66458,54049,38,-16
66458,98164,38,-16
66458,69424,44,-15
66458,57365,44,-15
66458,41760,44,-15
66458,65266,44,-15
66458,63364,44,-15
66458,25541,44,-15
66458,53565,44,-15
66458,91925,51,-14
66458,31818,52,-13
66458,140954,52,-13
66458,104894,54,-12
66458,60436,54,-12
66458,65940,54,-12
66458,35876,54,-12
66458,99246,54,-12
66458,90461,59,-11
66458,58926,59,-11
66458,99648,59,-11
66458,27171,62,-10
66458,68103,62,-10
66458,72844,62,-10
66458,98722,62,-10
66458,70741,66,-9
66458,34344,66,-9
66458,103050,66,-9
66458,61770,66,-9
66458,26416,70,-8
66458,128378,70,-8
66458,43762,70,-8
66458,58320,70,-8
66458,139228,70,-8
66458,32599,70,-8
66458,59419,70,-8
66458,91397,70,-8
66458,48338,78,-7
66458,99053,78,-7
66458,43834,80,-6
66458,68835,80,-6
66458,68286,80,-6
66458,88212,80,-6
66458,39491,80,-6
66458,11534,80,-6
66458,67172,86,-5
66458,78268,86,-5
66458,26860,86,-5
66458,98161,89,-4
66458,56037,89,-4
66458,92805,89,-4
66458,81739,92,-3
66458,33551,92,-3
66458,53332,94,-2
66458,101197,95,-1
66458,80331,96,E
66458,99153,96,E
66458,51685,96,E
66458,144536,99,+1
66458,97115,99,+1
66458,83784,99,+1
66458,104984,99,+1
66458,137590,99,+1
66458,94907,104,+2
66458,76153,104,+2
66458,40274,106,+4
66458,184498,106,+4
66458,77181,108,+5
66458,72429,109,+6
66458,114790,110,+8
66458,56016,111,+9
66458,101319,112,DNF
65207,47472,1,-23
65207,75412,2,-21
65207,50670,3,-18
65207,79748,3,-18
65207,35449,3,-18
65207,44382,6,-17
65207,45971,6,-17
65207,34250,6,-17
65207,59635,9,-16
65207,13864,10,-15
65207,43762,10,-15
65207,60436,10,-15
65207,53565,13,-14
65207,91249,13,-14
65207,48346,13,-14
65207,57365,13,-14
65207,98091,13,-14
65207,91925,13,-14
65207,34344,19,-13
65207,27812,19,-13
65207,28198,19,-13
65207,99053,22,-12
65207,39491,23,-11
65207,35876,23,-11
65207,76669,23,-11
65207,68835,23,-11
65207,44512,23,-11
65207,31644,23,-11
65207,128378,23,-11
65207,139228,23,-11
65207,153363,23,-11
65207,9852,23,-11
65207,96512,23,-11
65207,89394,23,-11
65207,41884,35,-10
65207,56511,35,-10
65207,59419,35,-10
65207,80331,35,-10
65207,58926,35,-10
65207,11534,35,-10
65207,17295,41,-9
65207,212153,41,-9
65207,58320,41,-9
65207,54049,41,-9
65207,85132,41,-9
65207,18824,41,-9
65207,48950,41,-9
65207,65715,48,-8
65207,61770,48,-8
65207,35070,48,-8
65207,56555,51,-7
65207,8332,51,-7
65207,99648,51,-7
65207,46910,51,-7
65207,26455,55,-6
65207,25541,55,-6
65207,98722,55,-6
65207,37817,55,-6
65207,50401,59,-5
65207,65737,60,-4
65207,41760,60,-4
65207,89514,60,-4
65207,121715,63,-3
65207,81739,64,-2
65207,38464,64,-2
65207,144536,64,-2
65207,140954,64,-2
65207,88279,64,-2
65207,22055,64,-2
65207,63497,64,-2
65207,120343,71,-1
65207,82098,71,-1
65207,99153,71,-1
65207,67172,71,-1
65207,65766,71,-1
65207,49865,76,E
65207,69424,76,E
65207,91397,76,E
65207,80636,79,+1
65207,33551,80,+2
65207,197577,81,+3
65207,52785,81,+3
65207,41220,83,+4
65207,33661,84,+5
65207,92729,84,+5
65207,47689,84,+5
65207,118426,84,+5
65207,71872,88,+6
65207,27171,88,+6
65207,23844,90,+12
65207,116860,91,+13
65207,192484,92,+14
65207,80904,92,+14
65207,28623,92,+14
65207,133487,92,+14
65207,179508,96,+16
65207,87267,97,+17
65207,185472,97,+17
65207,78805,99,+20
65207,82373,99,+20
65207,165704,101,+21
65207,52478,101,+21
65207,42934,103,+25
65207,72429,104,+28
65207,139649,105,+33
65207,38222,106,+34
65207,67644,107,+41
65207,49257,108,+49
65207,17946,109,DNF
65207,35187,110,DNF
65207,130281,110,DNF
65207,15857,112,DNF
69022,57365,1,-30
69022,35449,2,-30
69022,44512,3,-29
69022,50670,4,-28
69022,34250,5,-25
69022,98091,5,-25
69022,45971,7,-24
69022,121715,7,-24
69022,38008,9,-22
69022,75412,9,-22
69022,17295,11,-21
69022,128378,11,-21
69022,44382,11,-21
69022,91925,14,-20
69022,58926,15,-19
69022,88279,15,-19
69022,81739,17,-18
69022,97115,17,-18
69022,63765,17,-18
69022,8332,17,-18
69022,89959,17,-18
69022,50671,22,-16
69022,27171,22,-16
69022,31644,22,-16
69022,79748,22,-16
69022,41760,26,-14
69022,139228,26,-14
69022,68835,26,-14
69022,96512,26,-14
69022,98722,30,-13
69022,99648,30,-13
69022,39015,30,-13
69022,65266,30,-13
69022,48346,30,-13
69022,27812,35,-11
69022,65715,35,-11
69022,40274,35,-11
69022,43762,38,-10
69022,25541,38,-10
69022,144536,40,-9
69022,101197,40,-9
69022,85850,42,-8
69022,23844,42,-8
69022,98161,44,-7
69022,80331,45,-6
69022,13864,46,-6
69022,59419,46,-6
69022,35876,46,-6
69022,53565,46,-6
69022,50401,46,-6
69022,99053,46,-6
69022,11534,52,-5
69022,39491,52,-5
69022,61770,54,-4
69022,60259,54,-4
69022,76669,54,-4
69022,68286,54,-4
69022,69424,54,-4
69022,89394,59,-3
69022,153363,59,-3
69022,47689,59,-3
69022,18824,62,-2
69022,35187,62,-2
69022,28198,62,-2
69022,48950,62,-2
69022,59635,62,-2
69022,34344,62,-2
69022,50312,68,-1
69022,103050,68,-1
69022,58320,68,-1
69022,47472,68,-1
69022,67172,68,-1
69022,17946,73,E
69022,33705,73,E
69022,140954,75,+1
69022,138089,75,+1
69022,48338,75,+1
69022,41884,78,+2
69022,91249,78,+2
69022,115165,78,+2
69022,54049,78,+2
69022,78697,82,+3
69022,75590,82,+3
69022,165807,82,+3
69022,82098,85,+4
69022,111104,85,+4
69022,45478,85,+4
69022,142224,85,+4
69022,15857,89,+5
69022,91397,89,+5
69022,60436,89,+5
69022,80904,92,+7
69022,33551,93,+8
69022,41220,94,+9
69022,56555,94,+9
69022,65737,96,+10
69022,41455,97,+11
69022,99153,98,+13
69022,89514,98,+13
69022,89542,100,+14
69022,56137,101,+16
69022,38258,102,+18
69022,118604,103,+19
69022,118421,104,+20
69022,251213,105,+23
69022,196220,106,+26
69022,28550,107,DNF
69022,38464,107,DNF
69022,37817,109,DNF
65289,39491,1,-31
65289,45971,2,-30
65289,101574,3,-27
65289,18330,3,-27
65289,98091,3,-27
65289,50671,6,-25
65289,38008,6,-25
65289,39015,8,-24
65289,79753,9,-22
65289,47472,9,-22
65289,69509,9,-22
65289,60436,12,-21
65289,89959,12,-21
65289,35449,12,-21
65289,79047,12,-21
65289,76669,12,-21
65289,43762,17,-20
65289,98164,17,-20
65289,62467,17,-20
65289,121715,17,-20
65289,139228,21,-19
65289,59419,21,-19
65289,63765,21,-19
65289,78817,21,-19
65289,41760,21,-19
65289,43834,26,-18
65289,73695,26,-18
65289,54049,26,-18
65289,60259,29,-17
65289,49885,30,-16
65289,85850,30,-16
65289,44512,30,-16
65289,68285,30,-16
65289,50670,30,-16
65289,102119,35,-15
65289,27171,35,-15
65289,53565,35,-15
65289,80331,35,-15
65289,79748,39,-14
65289,27812,39,-14
65289,31644,39,-14
65289,97115,39,-14
65289,99053,39,-14
65289,44382,39,-14
65289,77939,45,-13
65289,89394,45,-13
65289,101197,45,-13
65289,44782,45,-13
65289,68286,45,-13
65289,9852,50,-11
65289,13864,50,-11
65289,68835,50,-11
65289,50401,50,-11
65289,72844,50,-11
65289,11534,50,-11
65289,75412,50,-11
65289,90461,57,-10
65289,153363,57,-10
65289,51685,57,-10
65289,96512,60,-9
65289,88370,60,-9
65289,75590,60,-9
65289,69424,60,-9
65289,41220,60,-9
65289,40274,65,-8
65289,60435,65,-8
65289,78268,65,-8
65289,11674,65,-8
65289,148785,65,-8
65289,88279,65,-8
65289,65940,65,-8
65289,57365,72,-7
65289,92805,72,-7
65289,101944,72,-7
65289,50312,75,-6
65289,61770,75,-6
65289,70741,75,-6
65289,100497,75,-6
65289,35876,75,-6
65289,65266,80,-5
65289,128378,80,-5
65289,99648,80,-5
65289,81343,80,-5
65289,88212,84,-4
65289,31818,84,-4
65289,33705,84,-4
65289,101319,87,-3
65289,98722,88,-2
65289,140954,88,-2
65289,94907,88,-2
65289,103050,91,-1
65289,118179,91,-1
65289,44600,91,-1
65289,94844,94,E
65289,56555,95,+1
65289,82098,95,+1
65289,71538,97,+2
65289,144536,98,+3
65289,68103,98,+3
65289,48338,100,+5
65289,91397,100,+5
65289,88054,102,+6
65289,98161,102,+6
65289,130037,104,+7
65289,103705,104,+7
65289,44458,106,+8
65289,99153,107,+12
65289,41351,107,+12
65289,118781,109,+13
65289,56886,109,+13
65289,40617,111,+14
65289,118592,111,+14
65289,18706,113,+15
65289,177319,113,+15
65289,158252,115,+17
65289,165807,116,+18
65289,58367,116,+18
65289,98803,118,+23
65289,23844,119,+36
67392,75412,1,-19
67392,50670,2,-16
67392,15857,3,-15
67392,45971,3,-15
67392,50671,3,-15
67392,80331,3,-15
67392,44382,7,-14
67392,8332,7,-14
67392,41760,9,-13
67392,50401,10,-11
67392,128378,10,-11
67392,39015,12,-10
67392,27171,12,-10
67392,44512,12,-10
67392,99053,12,-10
67392,45739,12,-10
67392,72844,12,-10
67392,57365,18,-9
67392,43762,18,-9
67392,47472,18,-9
67392,89959,18,-9
67392,38008,18,-9
67392,121715,18,-9
67392,18330,18,-9
67392,62467,18,-9
67392,43834,26,-8
67392,13864,26,-8
67392,96512,26,-8
67392,35449,26,-8
67392,54049,26,-8
67392,58320,26,-8
67392,101574,32,-7
67392,53332,32,-7
67392,53565,32,-7
67392,56555,32,-7
67392,139228,32,-7
67392,76669,32,-7
67392,34250,38,-6
67392,60259,38,-6
67392,60436,38,-6
67392,11534,38,-6
67392,69509,38,-6
67392,50312,38,-6
67392,85850,38,-6
67392,34344,45,-5
67392,101197,45,-5
67392,98091,45,-5
67392,93475,45,-5
67392,98722,45,-5
67392,69424,45,-5
67392,81781,45,-5
67392,75590,52,-4
67392,59419,52,-4
67392,79047,54,-3
67392,23844,54,-3
67392,79753,54,-3
67392,39491,54,-3
67392,101319,54,-3
67392,33705,54,-3
67392,91397,54,-3
67392,102119,61,-2
67392,88212,61,-2
67392,25541,61,-2
67392,85132,61,-2
67392,26095,61,-2
67392,79748,61,-2
67392,89394,61,-2
67392,68286,68,-1
67392,61770,68,-1
67392,98164,68,-1
67392,48346,68,-1
67392,65266,72,E
67392,68103,72,E
67392,48338,72,E
67392,49885,72,E
67392,58644,72,E
67392,17295,72,E
67392,35876,72,E
67392,99648,72,E
67392,65940,72,E
67392,40274,81,+1
67392,73695,81,+1
67392,140954,81,+1
67392,63765,81,+1
67392,90461,81,+1
67392,78268,81,+1
67392,78817,81,+1
67392,110035,88,+2
67392,120743,88,+2
67392,67172,88,+2
67392,82098,88,+2
67392,50038,88,+2
67392,76153,88,+2
67392,148785,94,+3
67392,97115,94,+3
67392,84958,96,+5
67392,15864,96,+5
67392,44782,98,+6
67392,87738,98,+6
67392,31818,98,+6
67392,107074,101,+7
67392,144536,101,+7
67392,77181,103,+8
67392,88370,103,+8
67392,26416,105,+9
67392,60435,105,+9
67392,118781,107,+10
67392,59742,107,+10
67392,99515,109,+11
67392,92805,110,+12
67392,27812,111,+13
67392,138791,112,+14
67392,98161,112,+14
67392,74005,114,+15
67392,121610,115,+16
67392,99153,116,+20
67392,143099,117,+22
67392,33551,118,DNF
67392,45145,118,DNF
67392,59026,118,DNF
68353,38008,1,-37
68353,79748,2,-32
68353,45971,2,-32
68353,37817,4,-31
68353,13864,5,-29
68353,34250,5,-29
68353,63765,7,-28
68353,98091,7,-28
68353,17295,7,-28
68353,44382,10,-27
68353,75412,10,-27
68353,139228,12,-26
68353,72844,12,-26
68353,50671,12,-26
68353,65266,12,-26
68353,33838,12,-26
68353,56555,17,-25
68353,121715,17,-25
68353,97115,17,-25
68353,47472,17,-25
68353,8332,17,-25
68353,11534,17,-25
68353,78817,23,-24
68353,18330,23,-24
68353,101574,25,-23
68353,102119,25,-23
68353,52063,27,-22
68353,68285,27,-22
68353,75590,27,-22
68353,89394,27,-22
68353,39015,31,-21
68353,50670,31,-21
68353,99053,31,-21
68353,53565,34,-20
68353,35449,34,-20
68353,68286,34,-20
68353,68835,34,-20
68353,98722,34,-20
68353,69424,34,-20
68353,89959,34,-20
68353,24341,41,-19
68353,79047,41,-19
68353,98164,41,-19
68353,82098,41,-19
68353,80331,41,-19
68353,44512,41,-19
68353,76669,47,-18
68353,62467,47,-18
68353,53332,47,-18
68353,34344,47,-18
68353,137471,47,-18
68353,99648,47,-18
68353,50401,47,-18
68353,35876,47,-18
68353,137733,55,-17
68353,27812,55,-17
68353,81739,55,-17
68353,59419,55,-17
68353,54049,59,-16
68353,27171,59,-16
68353,145206,59,-16
68353,40274,59,-16
68353,84958,59,-16
68353,18824,59,-16
68353,144536,59,-16
68353,60259,66,-15
68353,48950,66,-15
68353,59661,66,-15
68353,24437,66,-15
68353,101197,66,-15
68353,93475,66,-15
68353,103050,72,-14
68353,60436,72,-14
68353,39491,72,-14
68353,96512,72,-14
68353,41760,72,-14
68353,107074,77,-13
68353,33705,77,-13
68353,47689,79,-12
68353,23844,79,-12
68353,48338,79,-12
68353,106915,79,-12
68353,68103,79,-12
68353,128378,84,-11
68353,43762,84,-11
68353,140954,86,-10
68353,70741,86,-10
68353,25541,86,-10
68353,88212,89,-9
68353,42963,89,-9
68353,49885,89,-9
68353,60435,89,-9
68353,131546,89,-9
68353,98161,94,-8
68353,58320,94,-8
68353,27276,94,-8
68353,104894,94,-8
68353,79753,98,-7
68353,44782,98,-7
68353,57365,100,-6
68353,148785,101,-5
68353,26416,102,-4
68353,61770,103,-3
68353,99153,104,-2
68353,87836,105,-1
68353,76153,105,-1
68353,90461,107,E
68353,88279,107,E
68353,171247,107,E
68353,50312,110,+1
68353,92805,110,+1
68353,44938,112,+4
68353,89148,113,+5
68353,89514,114,+7
68353,88370,115,+9
68353,58644,116,+12
68353,53637,117,DNF
68353,48346,117,DNF
68353,85132,119,DNF
66511,30306,1,-52
66511,24341,2,-51
66511,15410,3,-46
66511,12626,4,-41
66511,39469,5,-36
66511,4666,5,-36
66511,41750,7,-35
66511,17946,8,-34
66511,41918,9,-32
66511,20300,9,-32
66511,58197,11,-30
66511,31473,12,-29
66511,25645,12,-29
66511,33551,12,-29
66511,28550,12,-29
66511,96436,12,-29
66511,61523,17,-26
66511,23148,17,-26
66511,28597,17,-26
66511,20079,17,-26
66511,18706,21,-25
66511,10355,21,-25
66511,159076,23,-24
66511,20375,23,-24
66511,42236,23,-24
66511,47837,23,-24
66511,7350,27,-22
66511,71782,28,-21
66511,105350,28,-21
66511,41217,28,-21
66511,140327,31,-19
66511,17686,31,-19
66511,20020,31,-19
66511,28051,34,-18
66511,34518,35,-17
66511,43019,35,-17
66511,142186,37,-16
66511,29274,37,-16
66511,97442,37,-16
66511,34459,37,-16
66511,44389,41,-15
66511,25999,41,-15
66511,170454,41,-15
66511,16648,44,-14
66511,29939,44,-14
66511,53805,44,-14
66511,153972,47,-13
66511,68031,47,-13
66511,24603,47,-13
66511,15361,50,-12
66511,44222,50,-12
66511,91114,50,-12
66511,19857,50,-12
66511,19195,54,-11
66511,65564,54,-11
66511,81960,54,-11
66511,58251,57,-10
66511,32934,57,-10
66511,29750,57,-10
66511,20150,60,-9
66511,18104,61,-7
66511,102131,62,-8
66511,20816,62,-8
66511,72600,62,-8
66511,11462,62,-8
66511,103922,62,-8
66511,74759,62,-8
66511,34360,68,-7
66511,49428,68,-7
66511,38291,68,-7
66511,44438,68,-7
66511,28567,72,-6
66511,47218,72,-6
66511,26022,72,-6
66511,91085,75,-5
66511,77904,75,-5
66511,20766,75,-5
66511,114490,75,-5
66511,13951,79,-4
66511,20419,79,-4
66511,23143,81,-3
66511,7685,81,-3
66511,68408,81,-3
66511,54607,84,-2
66511,49257,84,-2
66511,32973,84,-2
66511,88974,84,-2
66511,45433,84,-2
66511,102693,84,-2
66511,69135,90,-1
66511,36788,90,-1
66511,45981,90,-1
66511,25363,90,-1
66511,43138,94,E
66511,71774,94,E
66511,132181,94,E
66511,14908,94,E
66511,124742,98,+1
66511,119003,98,+1
66511,122131,98,+1
66511,41793,98,+1
66511,89276,98,+1
66511,70093,98,+1
66511,68364,104,+2
66511,38982,104,+2
66511,115168,104,+2
66511,72179,104,+2
66511,32774,104,+2
66511,15494,104,+2
66511,105105,104,+2
66511,150636,104,+2
66511,118218,112,+3
66511,42285,112,+3
66511,53915,112,+3
66511,148067,112,+3
66511,65847,116,+4
66511,34863,116,+4
66511,76388,118,+5
66511,40411,118,+5
66511,107607,118,+5
66511,82480,118,+5
66511,78000,118,+5
66511,196214,123,+6
66511,25016,123,+6
66511,42225,125,+7
66511,18348,125,+7
66511,145847,127,+8
66511,115326,127,+8
66511,86464,127,+8
66511,100243,130,+9
66511,46190,131,+10
66511,22006,132,+11
66511,36940,133,+12
66511,125079,133,+12
66511,69081,135,+13
66511,167771,135,+13
66511,104878,135,+13
66511,36673,138,+14
66511,63170,139,+15
66511,24734,140,+16
66511,18592,141,+17
66511,41772,142,+18
66511,23951,143,+20
66511,50876,144,+23
66511,68789,145,+24
66511,25183,146,DNF
66511,117273,146,DNF
66511,16039,148,DNF
66511,39147,148,DNF
64036,27523,1,-29
64036,34250,2,-24
64036,45971,3,-23
64036,37817,4,-20
64036,38008,5,-19
64036,17295,6,-18
64036,57365,6,-18
64036,18330,8,-17
64036,116137,9,-16
64036,35449,9,-16
64036,27171,11,-15
64036,53565,12,-14
64036,91249,13,-12
64036,69424,14,-11
64036,48950,14,-11
64036,85132,14,-11
64036,33705,14,-11
64036,80554,14,-11
64036,61186,19,-10
64036,31644,20,-9
64036,96512,20,-9
64036,13864,20,-9
64036,3140,20,-9
64036,68237,20,-9
64036,100818,25,-8
64036,68835,25,-8
64036,190137,27,-7
64036,133249,28,-6
64036,81120,28,-6
64036,79859,28,-6
64036,128378,28,-6
64036,74569,32,-5
64036,108837,32,-5
64036,72576,34,-4
64036,91925,34,-4
64036,85850,34,-4
64036,80331,34,-4
64036,95050,34,-4
64036,59419,34,-4
64036,176840,40,-3
64036,144536,41,-2
64036,139228,41,-2
64036,99053,43,-1
64036,15857,44,E
64036,106059,44,E
64036,44382,44,E
64036,76669,47,+1
64036,129061,47,+1
64036,65715,49,+2
64036,88212,49,+2
64036,121715,51,+3
64036,58926,51,+3
64036,155087,51,+3
64036,41760,51,+3
64036,98130,55,+4
64036,76456,55,+4
64036,166771,57,+5
64036,80134,58,+6
64036,91397,58,+6
64036,140587,60,+8
64036,83906,60,+8
64036,111626,62,+10
64036,182130,62,+10
64036,65894,64,+12
64036,89184,64,+12
64036,131679,66,+13
64036,57537,67,+14
64036,103093,67,+14
64036,125053,69,+15
64036,81669,69,+15
64036,137259,71,+16
64036,214285,71,+16
64036,215811,73,+18
64036,41886,73,+18
64036,104328,73,+18
64036,91619,76,+20
64036,136529,77,+22
64036,178641,77,+22
64036,161349,79,+23
64036,84648,80,+24
64036,42587,80,+24
64036,177951,82,+25
64036,124269,83,+27
64036,184880,83,+27
64036,176735,83,+27
64036,164861,86,+29
64036,77173,87,+30
64036,140569,87,+30
64036,167082,89,+31
64036,176615,89,+31
64036,119219,91,+32
64036,183242,91,+32
64036,136376,93,+33
64036,173381,94,+34
64036,132933,95,+37
64036,142494,96,+40
64036,127467,97,+43
64036,76936,98,+48
64036,7495,99,DNF
64036,82297,100,DNF
67202,44512,1,-33
67202,85132,2,-32
67202,121715,3,-31
67202,37817,4,-30
67202,45971,4,-30
67202,38008,6,-28
67202,44382,7,-27
67202,39015,8,-26
67202,62467,8,-26
67202,31644,8,-26
67202,59635,11,-25
67202,50670,12,-24
67202,116137,12,-24
67202,50671,12,-24
67202,18330,15,-23
67202,57365,15,-23
67202,110462,17,-22
67202,107197,17,-22
67202,76669,19,-21
67202,80331,19,-21
67202,98091,19,-21
67202,136325,19,-21
67202,15857,23,-20
67202,34250,23,-20
67202,91249,23,-20
67202,82297,26,-18
67202,18824,26,-18
67202,41760,28,-17
67202,139228,28,-17
67202,91925,28,-17
67202,80974,28,-17
67202,27171,32,-16
67202,78817,32,-16
67202,106059,32,-16
67202,65715,32,-16
67202,76456,36,-15
67202,68237,36,-15
67202,35449,36,-15
67202,68835,36,-15
67202,107567,36,-15
67202,96512,36,-15
67202,128378,42,-14
67202,176270,42,-14
67202,13864,44,-13
67202,33705,44,-13
67202,130692,44,-13
67202,87964,47,-12
67202,28903,47,-12
67202,59419,47,-12
67202,65266,50,-11
67202,131056,50,-11
67202,131002,50,-11
67202,48950,53,-9
67202,17295,53,-9
67202,53565,53,-9
67202,41884,53,-9
67202,71551,57,-8
67202,99246,57,-8
67202,63765,59,-7
67202,89634,59,-7
67202,107079,61,-6
67202,58926,61,-6
67202,107078,61,-6
67202,72905,64,-5
67202,98130,64,-5
67202,85850,64,-5
67202,135258,67,-4
67202,102051,67,-4
67202,61186,67,-4
67202,103114,67,-4
67202,158640,71,-3
67202,91397,72,-2
67202,69424,73,-1
67202,129061,74,+3
67202,27523,75,DNF
67202,155087,76,-3
67202,94872,76,-3
67202,58923,76,-3
67202,64889,79,-2
67202,3140,79,-2
67202,133249,81,-1
67202,173253,82,E
67202,104299,82,E
67202,52488,84,+1
67202,77462,84,+1
67202,99053,84,+1
67202,65737,84,+1
67202,30858,84,+1
67202,79753,89,+2
67202,190137,89,+2
67202,35070,89,+2
67202,74130,89,+2
67202,72939,89,+2
67202,53538,89,+2
67202,186354,95,+3
67202,140174,96,+4
67202,128887,96,+4
67202,81739,98,+5
67202,98164,98,+5
67202,261773,100,+7
67202,79859,100,+7
67202,64024,102,+8
67202,108837,103,+9
67202,166771,104,+10
67202,23844,105,+11
67202,43496,106,+13
67202,64867,107,+14
67202,202704,108,+18
65115,79748,1,-36
65115,45971,2,-31
65115,38008,3,-28
65115,50671,4,-27
65115,75590,5,-26
65115,8332,6,-23
65115,81739,7,-22
65115,62467,8,-21
65115,34250,9,-20
65115,57365,10,-19
65115,41760,11,-18
65115,50401,11,-18
65115,47472,13,-17
65115,39015,14,-16
65115,50670,15,-15
65115,27171,15,-15
65115,18330,15,-15
65115,69509,18,-14
65115,15857,19,-13
65115,11534,19,-13
65115,72844,21,-12
65115,78817,21,-12
65115,85132,23,-11
65115,75412,24,-10
65115,60436,24,-10
65115,68103,26,-9
65115,102119,26,-9
65115,89394,26,-9
65115,53565,26,-9
65115,96512,30,-8
65115,63765,30,-8
65115,13864,30,-8
65115,124138,30,-8
65115,128378,34,-7
65115,35449,35,-6
65115,139228,35,-6
65115,53332,35,-6
65115,33705,35,-6
65115,101574,39,-5
65115,58320,39,-5
65115,88212,39,-5
65115,31644,39,-5
65115,89959,39,-5
65115,50312,39,-5
65115,17295,45,-4
65115,144530,45,-4
65115,68835,45,-4
65115,33551,45,-4
65115,68286,49,-3
65115,43762,50,-2
65115,39491,50,-2
65115,65266,50,-2
65115,48950,53,-1
65115,98091,53,-1
65115,69424,53,-1
65115,48338,56,E
65115,98722,57,+3
65115,101197,58,+5
65115,60332,59,+1
65115,76153,59,+1
65115,59419,59,+1
65115,49885,59,+1
65115,121715,59,+1
65115,35876,59,+1
65115,25541,59,+1
65115,34344,66,+2
65115,99246,66,+2
65115,98164,66,+2
65115,47689,69,+3
65115,54049,69,+3
65115,73695,69,+3
65115,32599,72,+4
65115,60259,72,+4
65115,80331,72,+4
65115,146804,75,+5
65115,44382,75,+5
65115,89111,77,+6
65115,33838,77,+6
65115,38631,79,+7
65115,99648,79,+7
65115,91397,79,+7
65115,31818,82,+8
65115,113179,82,+8
65115,100497,82,+8
65115,93475,82,+8
65115,56016,82,+8
65115,98161,87,+9
65115,99092,87,+9
65115,40067,89,+10
65115,79047,89,+10
65115,68737,89,+10
65115,139619,92,+11
65115,49225,92,+11
65115,153363,92,+11
65115,44782,95,+12
65115,90461,95,+12
65115,119794,97,+13
65115,119504,97,+13
65115,140954,97,+13
65115,138355,97,+13
65115,144536,97,+13
65115,26860,102,+14
65115,60435,103,+15
65115,128231,104,+16
65115,97115,104,+16
65115,88370,104,+16
65115,61770,104,+16
65115,99053,108,+17
65115,120343,108,+17
65115,45463,110,+18
65115,104894,110,+18
65115,166771,112,+19
65115,99153,112,+19
65115,67172,112,+19
65115,110035,112,+19
65115,54106,116,+21
65115,80219,116,+21
65115,122356,118,+22
65115,51685,119,+23
65115,62387,119,+23
65115,78268,121,+24
65115,144929,121,+24
65115,94844,123,+25
65115,56555,124,+26
65115,163490,124,+26
65115,7350,126,+29
65115,55310,127,+31
65115,109175,128,+33
65115,127048,128,+33
65115,92805,128,+33
65115,50844,128,+33
65115,145870,132,+34
65115,107074,133,+36
65115,111887,133,+36
65115,134758,135,+37
65115,45739,136,DNF
65115,49643,136,DNF
65115,44512,136,DNF
65115,117680,136,DNF
65115,106915,136,DNF
65115,58644,136,DNF
65115,109591,136,DNF
65115,97326,136,DNF
65115,56511,136,DNF
65115,60069,145,DNF
66174,75412,1,-32
66174,45971,2,-30
66174,50670,3,-28
66174,27171,4,-26
66174,85132,4,-26
66174,11534,6,-25
66174,93475,7,-24
66174,18330,7,-24
66174,41760,7,-24
66174,38008,10,-23
66174,50671,10,-23
66174,48950,10,-23
66174,33705,10,-23
66174,17295,14,-22
66174,79748,14,-22
66174,35449,14,-22
66174,31644,14,-22
66174,8332,18,-21
66174,50401,19,-20
66174,98091,19,-20
66174,53565,19,-20
66174,68286,22,-19
66174,34250,22,-19
66174,78817,22,-19
66174,25541,22,-19
66174,47136,26,-18
66174,98161,26,-18
66174,97115,26,-18
66174,89394,26,-18
66174,51685,30,-17
66174,18824,30,-17
66174,139228,30,-17
66174,62467,30,-17
66174,7992,30,-17
66174,68285,30,-17
66174,101574,30,-17
66174,113179,37,-16
66174,53332,37,-16
66174,81739,37,-16
66174,69424,37,-16
66174,72844,37,-16
66174,102119,37,-16
66174,122356,37,-16
66174,99648,44,-15
66174,65266,44,-15
66174,58320,44,-15
66174,43762,44,-15
66174,39015,48,-14
66174,49885,48,-14
66174,80331,48,-14
66174,68835,51,-13
66174,50024,51,-13
66174,57365,51,-13
66174,60435,51,-13
66174,101197,55,-12
66174,63765,55,-12
66174,15410,55,-12
66174,32599,55,-12
66174,91397,55,-12
66174,34344,60,-11
66174,61770,60,-11
66174,96512,60,-11
66174,128378,60,-11
66174,121715,64,-10
66174,99053,64,-10
66174,33551,64,-10
66174,44382,64,-10
66174,69509,64,-10
66174,98722,64,-10
66174,89959,70,-9
66174,144536,70,-9
66174,68103,70,-9
66174,47472,73,-8
66174,48338,73,-8
66174,44782,73,-8
66174,60436,76,-7
66174,79047,76,-7
66174,38631,78,-6
66174,54302,78,-6
66174,88212,78,-6
66174,13864,78,-6
66174,47689,78,-6
66174,35876,78,-6
66174,16058,84,-5
66174,140954,84,-5
66174,65737,86,-4
66174,33838,86,-4
66174,26860,86,-4
66174,50312,89,-1
66174,67172,90,E
66174,60259,90,E
66174,68737,92,+2
66174,138355,93,+4
66174,59419,94,+8
66174,117680,95,+12
66174,99153,96,+14
66174,39469,97,+16
66174,39491,98,DNF
66174,56555,99,DNF
66174,28550,99,DNF
65116,8332,1,-30
65116,37817,2,-27
65116,62467,3,-25
65116,79748,3,-25
65116,45971,5,-24
65116,41760,5,-24
65116,50670,7,-20
65116,38008,8,-19
65116,44382,9,-18
65116,43762,10,-17
65116,75412,10,-17
65116,51685,12,-15
65116,68835,12,-15
65116,31644,14,-14
65116,11534,14,-14
65116,98091,14,-14
65116,69509,14,-14
65116,50671,18,-13
65116,35449,18,-13
65116,85132,18,-13
65116,80331,18,-13
65116,139228,22,-12
65116,121715,23,-11
65116,65266,24,-10
65116,81739,24,-10
65116,57365,24,-10
65116,96512,24,-10
65116,33705,28,-9
65116,18330,28,-9
65116,102119,28,-9
65116,39491,31,-8
65116,79047,31,-8
65116,50401,33,-7
65116,34250,33,-7
65116,53565,35,-6
65116,78817,36,-5
65116,47472,36,-5
65116,69424,36,-5
65116,128378,39,-4
65116,68286,39,-4
65116,98722,39,-4
65116,17295,39,-4
65116,144536,39,-4
65116,72844,39,-4
65116,39015,45,-3
65116,61770,46,-2
65116,27171,46,-2
65116,25541,46,-2
65116,60436,49,-1
65116,63765,50,E
65116,75590,51,+2
65116,35876,52,+3
65116,85850,53,+4
65116,67172,54,+6
65116,122356,55,+7
65116,58320,55,+7
65116,59419,55,+7
65116,68103,58,+8
65116,101574,58,+8
65116,49885,58,+8
65116,88212,61,+9
65116,99053,61,+9
65116,50312,61,+9
65116,89394,64,+10
65116,89959,64,+10
65116,8139,66,+11
65116,27812,67,+13
65116,73695,67,+13
65116,38631,69,+19
65116,98161,70,+20
65116,88279,70,+20
65116,99648,72,+23
65116,99153,73,+25
68748,50670,1,-46
68748,44382,2,-44
68748,37817,3,-43
68748,18330,3,-43
68748,45971,5,-42
68748,75412,6,-41
68748,98091,6,-41
68748,85132,6,-41
68748,62467,9,-40
68748,34250,10,-39
68748,8332,11,-38
68748,38008,12,-37
68748,82297,13,-35
68748,27523,13,-35
68748,50671,15,-34
68748,89394,15,-34
68748,68285,17,-33
68748,88212,17,-33
68748,91249,19,-32
68748,91925,20,-31
68748,50401,20,-31
68748,139228,22,-30
68748,58320,22,-30
68748,79748,22,-30
68748,69509,25,-29
68748,121715,26,-28
68748,17295,26,-28
68748,65266,26,-28
68748,101574,29,-27
68748,58923,29,-27
68748,122356,29,-27
68748,80331,29,-27
68748,31644,33,-26
68748,59635,33,-26
68748,99246,33,-26
68748,39015,36,-25
68748,47689,36,-25
68748,61770,38,-24
68748,102119,38,-24
68748,129963,40,-23
68748,144530,40,-23
68748,27171,40,-23
68748,132521,40,-23
68748,63765,40,-23
68748,33705,40,-23
68748,35449,46,-22
68748,69424,46,-22
68748,96512,46,-22
68748,60436,46,-22
68748,11534,46,-22
68748,75590,51,-21
68748,49885,51,-21
68748,48950,51,-21
68748,78817,51,-21
68748,13864,55,-20
68748,15857,55,-20
68748,124138,55,-20
68748,39491,55,-20
68748,44512,55,-20
68748,68103,60,-19
68748,53565,60,-19
68748,50920,60,-19
68748,56511,60,-19
68748,68286,60,-19
68748,41760,60,-19
68748,82098,66,-18
68748,99648,66,-18
68748,47472,66,-18
68748,113179,66,-18
68748,131546,66,-18
68748,43762,66,-18
68748,51685,72,-17
68748,79047,72,-17
68748,68835,72,-17
68748,17946,75,-16
68748,72844,75,-16
68748,101197,75,-16
68748,59419,75,-16
68748,38464,75,-16
68748,119504,75,-16
68748,40274,75,-16
68748,87673,82,-15
68748,76669,82,-15
68748,18824,84,-14
68748,137471,84,-14
68748,76456,86,-13
68748,144536,87,-12
68748,56555,87,-12
68748,84958,89,-11
68748,61186,89,-11
68748,153363,91,-10
68748,27812,92,-9
68748,35876,93,-7
68748,28198,94,-9
68748,35187,94,-9
68748,76153,94,-9
68748,93475,94,-9
68748,137590,94,-9
68748,89959,99,-8
68748,81739,99,-8
68748,98722,99,-8
68748,24981,99,-8
68748,25541,99,-8
68748,48338,99,-8
68748,103050,99,-8
68748,65737,99,-8
68748,128378,99,-8
68748,129332,99,-8
68748,143853,109,-7
68748,65940,109,-7
68748,88279,109,-7
68748,88497,112,-6
68748,108495,112,-6
68748,124607,112,-6
68748,125969,112,-6
68748,53332,112,-6
68748,94907,117,-5
68748,138355,117,-5
68748,44782,117,-5
68748,130724,117,-5
68748,60435,121,-4
68748,34344,121,-4
68748,54302,121,-4
68748,66362,121,-4
68748,120343,125,-3
68748,44974,125,-3
68748,58197,127,-2
68748,79753,127,-2
68748,32750,127,-2
68748,78697,127,-2
68748,73695,127,-2
68748,100708,127,-2
68748,39469,127,-2
68748,60399,134,-1
68748,56016,134,-1
68748,10628,134,-1
68748,42202,134,-1
68748,33551,134,-1
68748,89148,134,-1
68748,91397,134,-1
68748,104299,134,-1
68748,33504,134,-1
68748,71050,134,-1
68748,98161,134,-1
68748,65715,145,E
68748,67172,145,E
68748,118469,145,E
68748,99053,145,E
68748,70741,145,E
68748,126344,145,E
68748,32599,151,+1
68748,78136,151,+1
68748,46234,151,+1
68748,52785,151,+1
68748,33838,151,+1
68748,79063,156,+2
68748,122655,156,+2
68748,43081,156,+2
68748,43834,156,+2
68748,38631,156,+2
68748,108537,161,+3
68748,88370,161,+3
68748,166771,161,+3
68748,44458,161,+3
68748,80554,161,+3
68748,76145,166,+4
68748,50312,166,+4
68748,140327,166,+4
68748,145870,166,+4
68748,77562,170,+5
68748,77181,170,+5
68748,85850,170,+5
68748,95050,170,+5
68748,45478,174,+6
68748,122140,174,+6
68748,41351,174,+6
68748,128231,174,+6
68748,48747,178,+7
68748,99166,178,+7
68748,100497,180,+8
68748,58644,180,+8
68748,18706,182,+9
68748,80904,182,+9
68748,68737,184,+10
68748,26455,184,+10
68748,28550,184,+10
68748,92729,184,+10
68748,28623,184,+10
68748,43157,189,+11
68748,140954,189,+11
68748,87305,189,+11
68748,8139,192,+12
68748,86089,192,+12
68748,45745,192,+12
68748,94773,195,+13
68748,80387,196,+14
68748,98164,196,+14
68748,102802,196,+14
68748,99153,196,+14
68748,47154,200,+15
68748,37146,201,+17
68748,108547,202,+18
68748,99089,203,+20
68748,77424,204,+21
68748,43919,204,+21
68748,44985,206,+22
68748,129032,206,+22
68748,57205,208,+23
68748,106512,208,+23
68748,49431,210,+24
68748,68908,210,+24
68748,78268,210,+24
68748,28804,213,+26
68748,105093,213,+26
68748,71872,215,DNF
68748,57365,216,DNF
65291,18330,1,-23
65291,35449,2,-19
65291,37817,2,-19
65291,38008,4,-17
65291,8332,4,-17
65291,45971,4,-17
65291,39015,7,-14
65291,50671,8,-13
65291,41760,8,-13
65291,98091,10,-12
65291,75412,11,-11
65291,91249,11,-11
65291,102119,11,-11
65291,75590,11,-11
65291,69509,15,-10
65291,50401,15,-10
65291,122356,17,-9
65291,27171,18,-8
65291,65715,19,-7
65291,50670,19,-7
65291,79748,21,-6
65291,101574,21,-6
65291,59635,23,-5
65291,13864,24,-4
65291,80331,25,-3
65291,85132,25,-3
65291,81739,25,-3
65291,89394,25,-3
65291,99246,25,-3
65291,128378,25,-3
65291,76669,31,-2
65291,62467,32,-1
65291,63765,33,E
65291,31644,33,E
65291,15857,35,+1
65291,44512,35,+1
65291,11534,37,+2
65291,59419,37,+2
65291,33705,37,+2
65291,79047,37,+2
65291,43762,37,+2
65291,139228,42,+3
65291,34250,42,+3
65291,99053,42,+3
65291,91925,42,+3
65291,39491,46,+4
65291,57365,46,+4
65291,91397,46,+4
65291,65266,46,+4
65291,17295,50,+5
65291,85850,50,+5
65291,72844,50,+5
65291,79753,53,+6
65291,99648,53,+6
65291,53565,55,+7
65291,96512,55,+7
65291,121715,55,+7
65291,73695,58,+10
65291,69424,58,+10
65291,47472,58,+10
65291,82098,61,+12
65291,68835,61,+12
65291,25541,61,+12
65291,58320,64,+13
65291,61186,65,DNF
65291,48950,66,+15
65291,89959,66,+15
65291,51685,68,+16
65291,98722,68,+16
65291,144536,70,+20
65291,44382,70,+20
65291,98161,72,+30
74356,38008,1,-127
74356,85132,2,-126
74356,45971,3,-123
74356,50670,4,-120
74356,57365,4,-120
74356,75412,6,-119
74356,69509,7,-118
74356,50671,8,-117
74356,44382,9,-115
74356,79748,9,-115
74356,37817,11,-113
74356,91249,11,-113
74356,17295,13,-97
74356,34250,13,-97
74356,98091,13,-97
74356,11534,16,-94
74356,121715,16,-94
74356,31644,16,-94
74356,59635,19,-93
74356,35449,19,-93
74356,63765,21,-92
74356,39491,21,-92
74356,18330,23,-91
74356,50401,24,-90
74356,47472,24,-90
74356,62467,26,-89
74356,27171,26,-89
74356,41760,28,-88
74356,8332,28,-88
74356,44512,28,-88
74356,39015,31,-82
74356,72844,32,DNF
77775,44382,1,-18
77775,38008,2,-17
77775,35449,3,-16
77775,75412,4,-14
77775,85132,5,-13
77775,50670,6,-12
77775,18330,6,-12
77775,60436,6,-12
77775,58923,9,-11
77775,91249,9,-11
77775,122356,9,-11
77775,80331,12,-10
77775,59635,13,-9
77775,48950,14,-8
77775,69424,14,-8
77775,50671,16,-7
77775,31644,17,-6
77775,76669,17,-6
77775,8332,17,-6
77775,63765,17,-6
77775,87673,17,-6
77775,11534,17,-6
77775,57365,17,-6
77775,91925,17,-6
77775,81739,17,-6
77775,79748,26,-5
77775,129963,26,-5
77775,62467,28,-4
77775,24341,28,-4
77775,89394,28,-4
77775,65266,28,-4
77775,34250,28,-4
77775,61770,28,-4
77775,145206,34,-3
77775,13864,34,-3
77775,45971,34,-3
77775,88212,34,-3
77775,68285,34,-3
77775,97115,34,-3
77775,75590,40,-2
77775,101574,40,-2
77775,98091,40,-2
77775,93475,40,-2
77775,41760,44,-1
77775,79047,44,-1
77775,33705,44,-1
77775,98161,47,E
77775,68286,47,E
77775,72844,47,E
77775,59419,47,E
77775,53565,47,E
77775,51685,52,+1
77775,17295,52,+1
77775,25541,52,+1
77775,50401,52,+1
77775,119504,52,+1
77775,132521,52,+1
77775,39015,52,+1
77775,54049,52,+1
77775,27523,52,+1
77775,113179,61,+2
77775,96512,62,+3
77775,27171,63,+4
77775,88279,63,+4
77775,100815,63,+4
77775,43834,63,+4
77775,68103,63,+4
77775,153445,63,+4
77775,58320,69,+5
77775,9852,70,+6
77775,121715,70,+6
77775,85850,70,+6
77775,99246,70,+6
77775,89460,74,+7
77775,101197,74,+7
77775,139228,74,+7
77775,129032,74,+7
77775,99648,74,+7
77775,43762,79,+8
77775,67172,79,+8
77775,87143,79,+8
77775,44458,79,+8
77775,144530,79,+8
77775,120743,84,+9
77775,151744,84,+9
77775,106915,86,+10
77775,144929,86,+10
77775,68835,86,+10
77775,100818,89,+11
77775,71872,89,+11
77775,55340,89,+11
77775,47136,92,+12
77775,99053,92,+12
77775,120343,94,+13
77775,172633,94,+13
77775,53332,96,+14
77775,139619,96,+14
77775,58644,98,+15
77775,55021,98,+15
77775,91397,98,+15
77775,18706,101,+16
77775,138355,101,+16
77775,26455,103,+17
77775,92805,103,+17
77775,38631,103,+17
77775,58814,106,+18
77775,128378,107,+19
77775,65715,108,+20
77775,152518,109,+26
77775,99153,110,+29
77775,170866,111,+34
77775,78817,112,DNF
77758,75412,1,-37
77758,91249,2,-36
77758,69424,2,-36
77758,44382,4,-31
77758,72844,4,-31
77758,62467,6,-30
77758,50671,7,-29
77758,15857,7,-29
77758,85132,7,-29
77758,38008,10,-28
77758,57365,10,-28
77758,81739,10,-28
77758,69509,10,-28
77758,18824,10,-28
77758,91925,15,-27
77758,17295,15,-27
77758,79748,15,-27
77758,121715,18,-26
77758,145206,18,-26
77758,27171,18,-26
77758,44512,21,-25
77758,33705,21,-25
77758,34250,23,-24
77758,63765,23,-24
77758,24341,23,-24
77758,54049,23,-24
77758,122356,27,-23
77758,100497,27,-23
77758,48950,29,-22
77758,58320,29,-22
77758,13864,29,-22
77758,31644,32,-21
77758,43762,32,-21
77758,98091,32,-21
77758,47472,35,-20
77758,94844,36,-19
77758,68285,36,-19
77758,68286,36,-19
77758,89959,36,-19
77758,59635,36,-19
77758,88212,41,-18
77758,35449,42,-17
77758,75590,42,-17
77758,58923,42,-17
77758,18330,45,-16
77758,65266,46,-15
77758,59419,47,-14
77758,101574,47,-14
77758,50670,47,-14
77758,39015,47,-14
77758,34344,47,-14
77758,128378,52,-13
77758,97115,52,-13
77758,50401,52,-13
77758,51685,52,-13
77758,61770,52,-13
77758,41760,52,-13
77758,99053,52,-13
77758,82098,52,-13
77758,79047,52,-13
77758,73695,61,-12
77758,65715,61,-12
77758,91397,61,-12
77758,98161,64,-11
77758,27523,64,-11
77758,39491,64,-11
77758,93475,64,-11
77758,35876,64,-11
77758,80331,69,-10
77758,129061,69,-10
77758,153445,69,-10
77758,85850,72,-9
77758,76669,72,-9
77758,132521,72,-9
77758,144530,72,-9
77758,61186,76,-8
77758,56555,76,-8
77758,100818,76,-8
77758,8332,76,-8
77758,139228,76,-8
77758,140954,81,-7
77758,101197,81,-7
77758,48346,83,-6
77758,129963,83,-6
77758,89394,83,-6
77758,3140,83,-6
77758,79753,83,-6
77758,144536,83,-6
77758,118426,83,-6
77758,139619,83,-6
77758,11534,83,-6
77758,56511,92,-4
77758,47689,92,-4
77758,53332,94,-3
77758,99648,94,-3
77758,60436,96,-1
77758,28359,97,E
77758,210763,97,E
77758,67172,97,E
77758,53565,100,+1
77758,68835,101,+3
77758,113179,101,+3
77758,99246,103,+4
77758,27812,103,+4
77758,88279,105,+5
77758,49885,106,+6
77758,68103,107,+8
77758,25541,108,DNF
77758,96512,108,DNF
77758,38631,108,DNF
77758,82297,108,DNF
77758,78817,112,DNF
77759,91249,1,-27
77759,85132,2,-26
77759,45971,3,-25
77759,44382,4,-24
77759,75412,4,-24
77759,79748,6,-23
77759,75590,6,-23
77759,44512,8,-22
77759,62467,9,-21
77759,18330,9,-21
77759,101574,11,-20
77759,50671,12,-19
77759,122356,12,-19
77759,57365,14,-18
77759,60436,15,-17
77759,31644,16,-16
77759,8332,16,-16
77759,91925,16,-16
77759,35449,16,-16
77759,72844,16,-16
77759,69509,21,-15
77759,27523,22,-14
77759,48950,22,-14
77759,34250,24,-13
77759,63765,24,-13
77759,41760,24,-13
77759,54049,24,-13
77759,15857,24,-13
77759,80331,29,-12
77759,79047,29,-12
77759,50670,29,-12
77759,38464,29,-12
77759,59635,29,-12
77759,43762,29,-12
77759,97115,29,-12
77759,69424,29,-12
77759,18824,37,-11
77759,60259,37,-11
77759,96512,37,-11
77759,132521,40,-10
77759,17295,40,-10
77759,58923,40,-10
77759,47472,40,-10
77759,81739,44,-9
77759,50401,44,-9
77759,98091,44,-9
77759,27171,44,-9
77759,51685,44,-9
77759,82098,44,-9
77759,121715,44,-9
77759,101197,44,-9
77759,48346,52,-8
77759,58320,52,-8
77759,35876,52,-8
77759,53332,52,-8
77759,53565,56,-7
77759,76669,56,-7
77759,89959,56,-7
77759,68103,59,-6
77759,129061,59,-6
77759,88212,59,-6
77759,34344,62,-5
77759,33705,62,-5
77759,68286,62,-5
77759,65715,62,-5
77759,100497,62,-5
77759,139228,67,-4
77759,25541,67,-4
77759,145870,69,-3
77759,65266,69,-3
77759,99648,69,-3
77759,89394,69,-3
77759,56555,69,-3
77759,39491,74,-2
77759,144536,74,-2
77759,73695,74,-2
77759,67172,74,-2
77759,99053,74,-2
77759,27812,79,-1
77759,49885,79,-1
77759,13864,79,-1
77759,39015,79,-1
77759,88279,79,-1
77759,100818,79,-1
77759,140954,85,E
77759,11534,85,E
77759,118426,85,E
77759,47689,85,E
77759,144530,89,+1
77759,91397,89,+1
77759,129963,89,+1
77759,115742,92,+2
77759,85850,93,+3
77759,78268,93,+3
77759,61770,95,+4
77759,98161,96,+5
77759,128378,97,+6
77759,145206,97,+6
77759,153445,97,+6
77759,139619,97,+6
77759,59419,97,+6
77759,187533,102,+7
77759,79753,103,+9
77759,168538,104,+10
77759,56511,105,+11
77759,68835,106,+12
77759,3140,107,+13
77759,135467,108,+15
77759,99246,109,DNF
77759,87143,109,DNF
77759,61186,109,DNF
77759,106915,112,DNF
77760,44382,1,-34
77760,75412,2,-33
77760,121715,3,-30
77760,18330,4,-25
77760,45971,5,-24
77760,60436,6,-23
77760,129963,7,-21
77760,68286,7,-21
77760,72844,7,-21
77760,85132,10,-20
77760,58923,11,-19
77760,27171,11,-19
77760,39015,11,-19
77760,43762,11,-19
77760,57365,11,-19
77760,51685,11,-19
77760,38008,17,-18
77760,59635,17,-18
77760,96512,17,-18
77760,50671,20,-17
77760,98091,20,-17
77760,75590,22,-16
77760,34344,22,-16
77760,69424,22,-16
77760,61770,22,-16
77760,50670,22,-16
77760,139619,27,-15
77760,35449,27,-15
77760,79047,27,-15
77760,8332,27,-15
77760,33705,31,-14
77760,80331,31,-14
77760,50401,31,-14
77760,68103,34,-13
77760,122356,34,-13
77760,47472,34,-13
77760,78268,37,-12
77760,44512,37,-12
77760,118426,39,-11
77760,100818,39,-11
77760,101574,39,-11
77760,31644,39,-11
77760,89394,39,-11
77760,11534,39,-11
77760,153363,39,-11
77760,139228,46,-10
77760,15857,46,-10
77760,63765,46,-10
77760,101197,46,-10
77760,53565,50,-9
77760,114877,50,-9
77760,88279,50,-9
77760,25541,50,-9
77760,65266,50,-9
77760,27812,50,-9
77760,119504,50,-9
77760,145206,57,-8
77760,76669,57,-8
77760,49885,57,-8
77760,81739,60,-7
77760,100497,60,-7
77760,39491,62,-6
77760,132521,62,-6
77760,84958,62,-6
77760,13864,62,-6
77760,37146,62,-6
77760,59419,67,-5
77760,56037,67,-5
77760,144536,67,-5
77760,91397,67,-5
77760,54049,67,-5
77760,56016,67,-5
77760,67172,67,-5
77760,61186,67,-5
77760,48346,67,-5
77760,91249,67,-5
77760,82098,67,-5
77760,68835,78,-4
77760,41760,78,-4
77760,47689,78,-4
77760,56555,78,-4
77760,35876,78,-4
77760,65715,78,-4
77760,129061,84,-3
77760,102119,84,-3
77760,99053,84,-3
77760,97115,87,-2
77760,128378,87,-2
77760,145870,87,-2
77760,205985,90,-1
77760,153445,90,-1
77760,17295,90,-1
77760,212153,90,-1
77760,58320,94,E
77760,73695,94,E
77760,140954,96,+1
77760,88212,96,+1
77760,43834,96,+1
77760,99648,96,+1
77760,99246,96,+1
77760,214321,96,+1
77760,93197,102,+2
77760,88857,102,+2
77760,79753,102,+2
77760,131072,102,+2
77760,38631,106,+6
77760,180838,107,+7
77760,180568,107,+7
77760,146110,107,+7
77760,109674,110,+8
77760,28359,111,+11
77760,137047,111,+11
77760,53332,113,+13
77760,70895,114,+15
77760,154455,114,+15
77760,187709,116,+16
77760,150967,117,+19
77760,144790,118,+20
77760,3351,119,+21
77760,56511,120,+22
77760,48964,121,+26
77760,103224,122,DNF
77760,3140,122,DNF
77761,44382,1,-24
77761,121715,2,-23
77761,39015,2,-23
77761,45971,2,-23
77761,8332,5,-22
77761,76669,6,-21
77761,62467,7,-20
77761,80331,7,-20
77761,75412,7,-20
77761,72844,10,-18
77761,50670,10,-18
77761,18330,12,-17
77761,34250,12,-17
77761,38008,12,-17
77761,48950,12,-17
77761,13864,16,-16
77761,43762,16,-16
77761,89959,16,-16
77761,97115,19,-15
77761,98091,20,-14
77761,79748,20,-14
77761,35449,20,-14
77761,91925,20,-14
77761,69424,20,-14
77761,17295,25,-13
77761,73695,25,-13
77761,60436,27,-12
77761,39491,27,-12
77761,85132,27,-12
77761,50671,27,-12
77761,82098,27,-12
77761,50401,27,-12
77761,67172,27,-12
77761,33705,27,-12
77761,27171,35,-11
77761,153363,35,-11
77761,79047,35,-11
77761,96512,35,-11
77761,85850,35,-11
77761,57365,40,-10
77761,58320,40,-10
77761,68286,40,-10
77761,59419,40,-10
77761,88212,40,-10
77761,99648,40,-10
77761,122356,40,-10
77761,75590,40,-10
77761,145206,48,-9
77761,31644,48,-9
77761,69509,48,-9
77761,113179,51,-8
77761,99053,51,-8
77761,47472,51,-8
77761,65266,51,-8
77761,41760,51,-8
77761,63765,51,-8
77761,51685,57,-7
77761,27523,57,-7
77761,43834,57,-7
77761,59635,57,-7
77761,35876,61,-6
77761,68103,61,-6
77761,91249,61,-6
77761,60435,61,-6
77761,56511,61,-6
77761,63364,61,-6
77761,139619,61,-6
77761,48346,61,-6
77761,79753,61,-6
77761,153445,70,-5
77761,61186,70,-5
77761,99246,70,-5
77761,44512,70,-5
77761,58923,74,-4
77761,132521,74,-4
77761,61770,74,-4
77761,129963,74,-4
77761,65715,78,-3
77761,47689,78,-3
77761,139228,78,-3
77761,27812,78,-3
77761,101197,82,-2
77761,68835,82,-2
77761,34344,82,-2
77761,129061,82,-2
77761,49885,86,-1
77761,101944,86,-1
77761,58926,86,-1
77761,54049,86,-1
77761,31818,86,-1
77761,11534,91,E
77761,53565,91,E
77761,91397,91,E
77761,53558,94,+1
77761,78817,95,+2
77761,212153,95,+2
77761,92805,95,+2
77761,137590,95,+2
77761,100497,99,+3
77761,120743,100,+4
77761,89394,100,+4
77761,138355,102,+5
77761,62904,102,+5
77761,98161,104,+6
77761,38631,104,+6
77761,100818,106,+9
77761,74465,107,+10
77761,41351,107,+10
77761,201045,109,+15
77761,68481,110,+17
77761,214321,111,+22
77761,144536,112,DNF
77762,8332,1,-30
77762,27523,2,-25
77762,38008,3,-23
77762,62467,3,-23
77762,33705,5,-22
77762,91249,5,-22
77762,44382,7,-19
77762,79047,7,-19
77762,89959,7,-19
77762,75412,7,-19
77762,69509,11,-18
77762,43762,11,-18
77762,58926,13,-17
77762,75590,13,-17
77762,79748,13,-17
77762,50401,16,-16
77762,60436,17,-15
77762,50671,17,-15
77762,63765,17,-15
77762,41760,20,-14
77762,96512,20,-14
77762,69424,20,-14
77762,98091,23,-13
77762,35449,23,-13
77762,139228,23,-13
77762,89394,23,-13
77762,91925,23,-13
77762,31644,28,-12
77762,121715,28,-12
77762,51685,28,-12
77762,76669,28,-12
77762,34344,28,-12
77762,81739,28,-12
77762,45971,34,-11
77762,122356,34,-11
77762,99246,36,-10
77762,31818,36,-10
77762,58320,38,-9
77762,57365,38,-9
77762,91397,38,-9
77762,68286,38,-9
77762,60259,42,-8
77762,39491,42,-8
77762,129061,42,-8
77762,53565,42,-8
77762,67172,42,-8
77762,144536,42,-8
77762,101197,48,-7
77762,68285,48,-7
77762,68103,50,-6
77762,48346,50,-6
77762,97115,50,-6
77762,47472,50,-6
77762,54049,50,-6
77762,132521,50,-6
77762,87673,56,-5
77762,80331,56,-5
77762,100497,56,-5
77762,27171,56,-5
77762,11534,56,-5
77762,61186,61,-4
77762,27812,61,-4
77762,88212,61,-4
77762,34250,61,-4
77762,101574,61,-4
77762,65715,66,-3
77762,17295,66,-3
77762,59635,66,-3
77762,129963,66,-3
77762,39015,66,-3
77762,50670,71,-2
77762,61770,72,-1
77762,99053,72,-1
77762,88279,72,-1
77762,145206,75,E
77762,101944,75,E
77762,85850,75,E
77762,59419,75,E
77762,98161,79,+1
77762,58680,79,+1
77762,9852,81,+2
77762,82098,81,+2
77762,139619,81,+2
77762,18330,81,+2
77762,135025,81,+2
77762,96063,81,+2
77762,79753,87,+3
77762,13864,87,+3
77762,65266,87,+3
77762,31536,87,+3
77762,56555,91,+4
77762,153445,91,+4
77762,68835,91,+4
77762,87143,94,+5
77762,99462,94,+5
77762,100818,96,+6
77762,47136,96,+6
77762,74823,98,+7
77762,99648,99,+8
77762,49885,99,+8
77762,138355,101,+9
77762,147951,102,+10
77762,43834,102,+10
77762,58923,104,+11
77762,56511,105,+15
77762,35876,106,+18
77762,98722,107,+24
77762,92805,108,+25
77762,28807,109,+28
77762,202561,110,+30
77762,58644,111,+36
77762,85132,112,DNF
77762,144530,112,DNF
77762,93475,112,DNF
77099,63765,1,-15
77099,91249,2,-11
77099,38008,3,-10
77099,50671,3,-10
77099,45971,5,-7
77099,18330,6,-6
77099,69509,6,-6
77099,62467,6,-6
77099,122356,6,-6
77099,75412,10,-5
77099,27523,10,-5
77099,96512,10,-5
77099,44382,10,-5
77099,81739,14,-4
77099,15857,15,-3
77099,100497,15,-3
77099,47472,17,-2
77099,91925,17,-2
77099,85132,17,-2
77099,35449,20,-1
77099,27171,20,-1
77099,50670,22,E
77099,17295,22,E
77099,48950,22,E
77099,121715,25,+2
77099,75590,26,+3
77099,79748,26,+3
77099,106915,26,+3
77099,58926,29,+4
77099,129963,29,+4
77099,13864,29,+4
77099,72844,29,+4
77099,60436,33,+6
77099,57365,33,+6
77099,33705,33,+6
77099,88212,36,+8
77099,69424,36,+8
77099,39491,36,+8
77099,101574,36,+8
77099,61186,40,+9
77099,79047,41,+10
77099,128378,42,+15
77099,98091,42,+15
77099,153445,44,+8
77099,89959,44,+8
77099,102119,44,+8
77099,145206,47,+9
77099,68286,48,+10
77099,61770,48,+10
77099,56511,48,+10
77099,79753,48,+10
77099,59419,48,+10
77099,68285,48,+10
77099,80331,54,+11
77099,34344,54,+11
77099,111887,54,+11
77099,48346,54,+11
77099,58320,58,+12
77099,50401,58,+12
77099,119504,60,+13
77099,41760,60,+13
77099,43762,62,+14
77099,53332,62,+14
77099,132521,62,+14
77099,99246,62,+14
77099,59635,62,+14
77099,139619,62,+14
77099,11534,62,+14
77099,39015,62,+14
77099,98722,70,+15
77099,65266,70,+15
77099,49643,70,+15
77099,99648,73,+16
77099,73695,73,+16
77099,49885,73,+16
77099,138355,73,+16
77099,76669,77,+17
77099,139228,77,+17
77099,82098,79,+18
77099,89394,80,+19
77099,101197,81,+20
77099,97115,81,+20
77099,88279,81,+20
77099,120743,81,+20
77099,58923,85,+21
77099,78817,85,+21
77099,93475,87,+22
77099,130724,87,+22
77099,85850,89,+23
77099,27812,90,+26
77099,37817,90,+26
77099,100818,92,+27
77099,68835,93,+29
77099,65715,94,+35
77099,99053,95,+38
77099,44512,96,DNF
77763,45971,1,-28
77763,75412,2,-25
77763,60436,3,-23
77763,122356,4,-22
77763,63765,5,-21
77763,38008,5,-21
77763,62467,7,-19
77763,80331,8,-18
77763,50670,9,-17
77763,79753,9,-17
77763,89394,11,-16
77763,145206,11,-16
77763,50671,11,-16
77763,39015,14,-15
77763,44382,14,-15
77763,85132,16,-13
77763,50401,16,-13
77763,75590,16,-13
77763,68103,19,-12
77763,139619,19,-12
77763,139228,21,-11
77763,96512,21,-11
77763,13864,21,-11
77763,61770,21,-11
77763,18330,21,-11
77763,98091,21,-11
77763,27523,27,-10
77763,54049,27,-10
77763,97115,29,-9
77763,43762,29,-9
77763,27171,29,-9
77763,49885,32,-8
77763,47472,32,-8
77763,102119,34,-7
77763,68286,34,-7
77763,59419,36,-6
77763,103050,36,-6
77763,98722,36,-6
77763,76669,36,-6
77763,101197,36,-6
77763,35449,41,-4
77763,65266,41,-4
77763,69424,41,-4
77763,121715,41,-4
77763,101319,45,-3
77763,82098,45,-3
77763,153363,45,-3
77763,129963,48,-2
77763,79047,49,E
77763,94844,49,E
77763,101944,49,E
77763,89959,49,E
77763,140954,53,+1
77763,89460,53,+1
77763,111887,55,+2
77763,69509,55,+2
77763,90461,55,+2
77763,44458,55,+2
77763,99648,59,+3
77763,132521,60,+4
77763,43834,60,+4
77763,68835,60,+4
77763,128378,60,+4
77763,60367,60,+4
77763,99246,65,+5
77763,106915,65,+5
77763,146804,65,+5
77763,153445,68,+6
77763,35876,68,+6
77763,41220,68,+6
77763,103705,68,+6
77763,41760,68,+6
77763,38464,73,+7
77763,210763,73,+7
77763,65940,73,+7
77763,78268,73,+7
77763,9852,73,+7
77763,38631,78,+8
77763,121962,78,+8
77763,44919,80,+9
77763,56511,80,+9
77763,121902,80,+9
77763,39491,83,+11
77763,119504,83,+11
77763,177319,85,+12
77763,100818,85,+12
77763,73362,85,+12
77763,11110,85,+12
77763,53889,85,+12
77763,77939,90,+13
77763,99053,90,+13
77763,99153,90,+13
77763,144536,90,+13
77763,31364,90,+13
77763,44600,90,+13
77763,44782,96,+16
77763,129319,97,+21
77763,205985,97,+21
77763,171247,99,+22
77763,131039,100,+29
77763,84263,101,+31
77763,68481,102,+33
77763,73855,103,+41
77763,79748,105,DNF
77763,11534,105,DNF
77763,31644,104,DNF
77763,48950,107,DNF
78193,58923,1,-30
78193,131056,2,-28
78193,91249,2,-28
78193,87964,4,-27
78193,108695,4,-27
78193,27171,4,-27
78193,129061,7,-26
78193,82297,7,-26
78193,107197,9,-24
78193,76456,9,-24
78193,130692,11,-22
78193,64917,11,-22
78193,110462,11,-22
78193,79004,14,-21
78193,135125,14,-21
78193,71551,16,-20
78193,64889,16,-20
78193,61186,16,-20
78193,91925,16,-20
78193,91397,20,-19
78193,107567,20,-19
78193,155087,22,-18
78193,85483,22,-18
78193,28903,24,-17
78193,214251,24,-17
78193,68237,26,-16
78193,35070,26,-16
78193,62088,26,-16
78193,80134,26,-16
78193,96736,26,-16
78193,133249,26,-16
78193,15857,26,-16
78193,107078,33,-15
78193,157282,33,-15
78193,89634,33,-15
78193,52488,36,-14
78193,79859,36,-14
78193,159317,36,-14
78193,158640,39,-13
78193,131002,39,-13
78193,216157,39,-13
78193,165010,39,-13
78193,77497,39,-13
78193,102051,44,-12
78193,155709,45,-11
78193,87790,45,-11
78193,64002,45,-11
78193,72939,45,-11
78193,80974,45,-11
78193,182130,50,-10
78193,104299,50,-10
78193,98130,50,-10
78193,53538,50,-10
78193,135018,54,-9
78193,141052,54,-9
78193,123433,54,-9
78193,101609,57,-8
78193,81376,57,-8
78193,80554,57,-8
78193,162717,57,-8
78193,135258,57,-8
78193,101586,62,-7
78193,75759,62,-7
78193,116137,62,-7
78193,103693,65,-6
78193,169932,65,-6
78193,125622,67,-5
78193,263305,67,-5
78193,57352,67,-5
78193,81120,67,-5
78193,121099,71,-4
78193,129933,71,-4
78193,59769,71,-4
78193,136325,71,-4
78193,108837,75,-3
78193,30752,75,-3
78193,160360,75,-3
78193,105925,75,-3
78193,190064,75,-3
78193,138760,80,-2
78193,92779,80,-2
78193,190137,82,-1
78193,95050,82,-1
78193,111132,84,E
78193,157065,85,+1
78193,214285,85,+1
78193,64867,87,+2
78193,162114,88,+3
78193,43229,88,+3
78193,174343,88,+3
78193,91175,88,+3
78193,117440,88,+3
78193,36474,88,+3
78193,93960,94,+4
78193,55426,94,+4
78193,175222,94,+4
78193,82011,94,+4
78193,35078,98,+5
78193,168011,98,+5
78193,114642,98,+5
78193,210071,98,+5
78193,193830,102,+6
78193,29215,103,+7
78193,136529,104,+10
78193,41920,104,+10
78193,165234,106,+13
78193,106059,107,DNF
78193,126320,107,DNF
